Designator,Mid X,Mid Y,Rotation,Layer
D1,140.075,-97.3,0.0,top
R1,143.875,-97.3,180.0,top
U1,138.2,-100.862501,0.0,top
U2,142.0,-104.662501,90.0,top
